id,drug,smiles
0,(5Z)-7-Oxozeaenol,CC1CC=CC(=O)C(C(CC=CC2=CC(=CC(=C2C(=O)O1)O)OC)O)O
1,5-Fluorouracil,C1=C(C(=O)NC(=O)N1)F
2,A-443654,CC1=C2C=C(C=CC2=NN1)C3=CC(=CN=C3)OCC(CC4=CNC5=CC=CC=C54)N
3,A-770041,CC(=O)N1CCN(CC1)C2CCC(CC2)N3C4=NC=NC(=C4C(=N3)C5=CC(=C(C=C5)NC(=O)C6=CC7=CC=CC=C7N6C)OC)N
4,A-83-01,CC1=NC(=CC=C1)C2=NN(C=C2C3=CC=NC4=CC=CC=C34)C(=S)NC5=CC=CC=C5
5,ACY-1215,C1=CC=C(C=C1)N(C2=CC=CC=C2)C3=NC=C(C=N3)C(=O)NCCCCCCC(=O)NO
6,AGI-6780,C1CC1NS(=O)(=O)C2=CC(=C(C=C2)C3=CSC=C3)NC(=O)NC4=CC=CC(=C4)C(F)(F)F
7,AICA Ribonucleotide,C1=NC(=C(N1C2C(C(C(O2)COP(=O)(O)O)O)O)N)C(=O)N
8,AKT inhibitor VIII,C1CN(CCC1N2C3=CC=CC=C3NC2=O)CC4=CC=C(C=C4)C5=C(N=C6C=C7C(=NC=N7)C=C6N5)C8=CC=CC=C8
9,AR-42,CC(C)C(C1=CC=CC=C1)C(=O)NC2=CC=C(C=C2)C(=O)NO
10,ARRY-520,CN(C(=O)N1C(SC(=N1)C2=C(C=CC(=C2)F)F)(CCCN)C3=CC=CC=C3)OC
11,AS601245,C1=CC=C2C(=C1)N=C(S2)C(C#N)C3=NC(=NC=C3)NCCC4=CN=CC=C4
12,AS605240,C1=CC2=NC=CN=C2C=C1C=C3C(=O)NC(=O)S3
13,AST-1306,C=CC(=O)NC1=CC2=C(C=C1)N=CN=C2NC3=CC(=C(C=C3)OCC4=CC(=CC=C4)F)Cl
14,AT-7519,C1CNCCC1NC(=O)C2=C(C=NN2)NC(=O)C3=C(C=CC=C3Cl)Cl
15,AT7867,C1CNCCC1(C2=CC=C(C=C2)C3=CNN=C3)C4=CC=C(C=C4)Cl
16,AZ20,CC1COCCN1C2=NC(=NC(=C2)C3(CC3)S(=O)(=O)C)C4=C5C=CNC5=CC=C4
17,AZ628,CC1=C(C=C(C=C1)NC(=O)C2=CC(=CC=C2)C(C)(C)C#N)NC3=CC4=C(C=C3)N=CN(C4=O)C
18,AZD1208,C1CC(CN(C1)C2=C(C=CC=C2C3=CC=CC=C3)C=C4C(=O)NC(=O)S4)N
19,AZD1332,CC(C)OC1=NNC(=C1)NC2=NC(=NC=C2Cl)NC(C)C3=NC=C(C=C3)F
20,AZD1480,CC1=CC(=NN1)NC2=NC(=NC=C2Cl)NC(C)C3=NC=C(C=N3)F
21,AZD2014,CC1COCCN1C2=NC(=NC3=C2C=CC(=N3)C4=CC(=CC=C4)C(=O)NC)N5CCOCC5C
22,AZD3514,CC(=O)N1CCN(CC1)CCOC2=CC=C(C=C2)C3CCN(CC3)C4=NN5C(=NN=C5C(F)(F)F)CC4
23,AZD4547,CC1CN(CC(N1)C)C2=CC=C(C=C2)C(=O)NC3=NNC(=C3)CCC4=CC(=CC(=C4)OC)OC
24,AZD4877,CC1=CC=C(C=C1)C(=O)N(CCCN)C(C2=NC3=C(C(=NS3)C)C(=O)N2CC4=CC=CC=C4)C(C)C
25,AZD5438,CC1=NC=C(N1C(C)C)C2=NC(=NC=C2)NC3=CC=C(C=C3)S(=O)(=O)C
26,AZD5582,CC(C(=O)NC(C1CCCCC1)C(=O)N2CCCC2C(=O)NC3C(CC4=CC=CC=C34)OCC#CC#CCOC5CC6=CC=CC=C6C5NC(=O)C7CCCN7C(=O)C(C8CCCCC8)NC(=O)C(C)NC)NC
27,AZD6094,CC(C1=CN2C=CN=C2C=C1)N3C4=NC(=CN=C4N=N3)C5=CN(N=C5)C
28,AZD6482,CC1=CN2C(=O)C=C(N=C2C(=C1)C(C)NC3=CC=CC=C3C(=O)O)N4CCOCC4
29,AZD6738,CC1COCCN1C2=NC(=NC(=C2)C3(CC3)S(=N)(=O)C)C4=C5C=CNC5=NC=C4
30,AZD7762,C1CC(CNC1)NC(=O)C2=C(C=C(S2)C3=CC(=CC=C3)F)NC(=O)N
31,AZD8055,CC1COCCN1C2=NC(=NC3=C2C=CC(=N3)C4=CC(=C(C=C4)OC)CO)N5CCOCC5C
32,AZD8186,CC(C1=CC(=CC2=C1OC(=CC2=O)N3CCOCC3)C(=O)N(C)C)NC4=CC(=CC(=C4)F)F
33,AZD8835,CCN1C(=NC(=N1)C2CCN(CC2)C(=O)CCO)C3=CN=C(C(=N3)C4=NN=C(O4)C(C)(C)C)N
34,AZD8931,CNC(=O)CN1CCC(CC1)OC2=C(C=C3C(=C2)C(=NC=N3)NC4=C(C(=CC=C4)Cl)F)OC
35,Afatinib,CN(C)CC=CC(=O)NC1=C(C=C2C(=C1)C(=NC=N2)NC3=CC(=C(C=C3)F)Cl)OC4CCOC4
36,Alectinib,CCC1=CC2=C(C=C1N3CCC(CC3)N4CCOCC4)C(C5=C(C2=O)C6=C(N5)C=C(C=C6)C#N)(C)C
37,Alisertib,COC1=C(C(=CC=C1)F)C2=NCC3=CN=C(N=C3C4=C2C=C(C=C4)Cl)NC5=CC(=C(C=C5)C(=O)O)OC
38,Amuvatinib,C1CN(CCN1C2=NC=NC3=C2OC4=CC=CC=C43)C(=S)NCC5=CC6=C(C=C5)OCO6
39,Apitolisib,CC1=C(SC2=C1N=C(N=C2N3CCOCC3)C4=CN=C(N=C4)N)CN5CCN(CC5)C(=O)C(C)O
40,Ara-G,C1=NC2=C(N1C3C(C(C(O3)CO)O)O)N=C(NC2=O)N
41,Avagacestat,C1=CC(=CC=C1S(=O)(=O)N(CC2=C(C=C(C=C2)C3=NOC=N3)F)C(CCC(F)(F)F)C(=O)N)Cl
42,Axitinib,CNC(=O)C1=CC=CC=C1SC2=CC3=C(C=C2)C(=NN3)C=CC4=CC=CC=N4
43,BAM7,CCOC1=CC=CC=C1N=NC2=C(NN(C2=O)C3=NC(=CS3)C4=CC=CC=C4)C
44,BAY-61-3606,COC1=C(C=C(C=C1)C2=CC3=NC=CN3C(=N2)NC4=C(C=CC=N4)C(=O)N)OC.Cl.Cl
45,BI-2536,CCC1C(=O)N(C2=CN=C(N=C2N1C3CCCC3)NC4=C(C=C(C=C4)C(=O)NC5CCN(CC5)C)OC)C
46,BIBF-1120,CN1CCN(CC1)CC(=O)N(C)C2=CC=C(C=C2)N=C(C3=CC=CC=C3)C4=C(NC5=C4C=CC(=C5)C(=O)OC)O
47,BIX02189,CN(C)CC1=CC(=CC=C1)N=C(C2=CC=CC=C2)C3=C(NC4=C3C=CC(=C4)C(=O)N(C)C)O
48,BMS-345541,CC1=CC2=C(C=C1)N=C(C3=NC=C(N23)C)NCCN
49,BMS-509744,CC1=CC(=C(C=C1SC2=CN=C(S2)NC(=O)C3=CC=C(C=C3)CNC(C)C(C)(C)C)C(=O)N4CCN(CC4)C(=O)C)OC
50,BMS-536924,CC1=CC(=CC2=C1N=C(N2)C3=C(C=CNC3=O)NCC(C4=CC(=CC=C4)Cl)O)N5CCOCC5
51,BMS-754807,CC1(CCCN1C2=NN3C=CC=C3C(=N2)NC4=NNC(=C4)C5CC5)C(=O)NC6=CN=C(C=C6)F
52,BPTES,C1=CC=C(C=C1)CC(=O)NC2=NN=C(S2)CCSCCC3=NN=C(S3)NC(=O)CC4=CC=CC=C4
53,BX-912,C1CCN(C1)C(=O)NC2=CC=CC(=C2)NC3=NC=C(C(=N3)NCCC4=CN=CN4)Br
54,BX795,C1CCN(C1)C(=O)NC2=CC=CC(=C2)NC3=NC=C(C(=N3)NCCCNC(=O)C4=CC=CS4)I
55,Belinostat,C1=CC=C(C=C1)NS(=O)(=O)C2=CC=CC(=C2)C=CC(=O)NO
56,Bexarotene,CC1=CC2=C(C=C1C(=C)C3=CC=C(C=C3)C(=O)O)C(CCC2(C)C)(C)C
57,Bicalutamide,CC(CS(=O)(=O)C1=CC=C(C=C1)F)(C(=O)NC2=CC(=C(C=C2)C#N)C(F)(F)F)O
58,Bleomycin,CC1=C(N=C(N=C1N)C(CC(=O)N)NCC(C(=O)N)N)C(=O)NC(C(C2=CN=CN2)OC3C(C(C(C(O3)CO)O)O)OC4C(C(C(C(O4)CO)O)OC(=O)N)O)C(=O)NC(C)C(C(C)C(=O)NC(C(C)O)C(=O)NCCC5=NC(=CS5)C6=NC(=CS6)C(=O)NCCC[S+](C)C)O
59,Bortezomib,B(C(CC(C)C)NC(=O)C(CC1=CC=CC=C1)NC(=O)C2=NC=CN=C2)(O)O
60,Bosutinib,CN1CCN(CC1)CCCOC2=C(C=C3C(=C2)N=CC(=C3NC4=CC(=C(C=C4Cl)Cl)OC)C#N)OC
61,"Brivanib, BMS-540215",CC1=CC2=C(N1)C=CC(=C2F)OC3=NC=NN4C3=C(C(=C4)OCC(C)O)C
62,Bryostatin 1,CCCC=CC=CC(=O)OC1C(=CC(=O)OC)CC2CC(OC(=O)CC(CC3CC(C(C(O3)(CC4CC(=CC(=O)OC)CC(O4)C=CC(C1(O2)O)(C)C)O)(C)C)OC(=O)C)O)C(C)O
63,C-75,CCCCCCCCC1C(C(=C)C(=O)O1)C(=O)O
64,"CAP-232, TT-232, TLN-232",CC(C(C(=O)N)NC(=O)C1CSSCC(C(=O)NC(C(=O)NC(C(=O)NC(C(=O)N1)CCCCN)CC2=CNC3=CC=CC=C32)CC4=CC=C(C=C4)O)NC(=O)C(CC5=CC=CC=C5)N)O
65,CAY10566,CC1=NN=C(O1)C2=NN=C(C=C2)N3CCC(CC3)OC4=C(C=CC(=C4)F)Cl
66,CAY10603,CC(C)(C)OC(=O)NC1=CC=C(C=C1)C2=CC(=NO2)C(=O)NCCCCCCC(=O)NO
67,CCT-018159,CCC1=CC(=C(C=C1O)O)C2=NNC(=C2C3=CC4=C(C=C3)OCCO4)C
68,CCT007093,C1CC(=CC2=CC=CS2)C(=O)C1=CC3=CC=CS3
69,CD532,C1CCC(C1)C2=CC(=NN2)NC3=NC(=NC=C3)NC4=CC=C(C=C4)NC(=O)NC5=CC=CC(=C5)C(F)(F)F
70,CGP-082996,CCNC1=CC(=NC(=N1)NC2=CC3=C(C=C2)N(C=C3)CC4=CC=CC=C4)NC5CCC(CC5)O
71,CGP-60474,C1=CC(=CC(=C1)Cl)NC2=NC=CC(=N2)C3=CC(=NC=C3)NCCCO
72,CHIR-99021,CC1=CN=C(N1)C2=CN=C(N=C2C3=C(C=C(C=C3)Cl)Cl)NCCNC4=NC=C(C=C4)C#N
73,CI-1033,C=CC(=O)NC1=C(C=C2C(=C1)C(=NC=N2)NC3=CC(=C(C=C3)F)Cl)OCCCN4CCOCC4
74,CI-1040,C1CC1CONC(=O)C2=C(C(=C(C=C2)F)F)NC3=C(C=C(C=C3)I)Cl
75,CMK,CC1=CC=C(C=C1)C2=C(N(C3=NC=NC(=C23)N)CCCO)C(=O)CCl
76,CP466722,COC1=C(C=C2C(=C1)C(=NC=N2)N3C(=NC(=N3)C4=CC=CC=N4)N)OC
77,CP724714,CC1=NC=C(C=C1)OC2=C(C=C(C=C2)NC3=NC=NC4=C3C=C(C=C4)C=CCNC(=O)COC)C
78,CPI-613,O=C(O)CCCCC(CCSCc1ccccc1)SCc1ccccc1
79,CUDC-101,COC1=C(C=C2C(=C1)N=CN=C2NC3=CC=CC(=C3)C#C)OCCCCCCC(=O)NO
80,CX-5461,CC1=CN=C(C=N1)CNC(=O)C2=C3N(C4=CC=CC=C4S3)C5=C(C2=O)C=CC(=N5)N6CCCN(CC6)C
81,Cabozantinib,COC1=CC2=C(C=CN=C2C=C1OC)OC3=CC=C(C=C3)NC(=O)C4(CC4)C(=O)NC5=CC=C(C=C5)F
82,Capivasertib,C1CN(CCC1(C(=O)NC(CCO)C2=CC=C(C=C2)Cl)N)C3=NC=NC4=C3C=CN4
83,Cetuximab,CC1(C(=C)N(C2=CC=CC=C21)CCCCCC(=O)O)C.Br
84,Cisplatin,N.N.Cl[Pt]Cl
85,Crizotinib,CC(C1=C(C=CC(=C1Cl)F)Cl)OC2=C(N=CC(=C2)C3=CN(N=C3)C4CCNCC4)N
86,Cyclopamine,CC1CC2C(C(C3(O2)CCC4C5CC=C6CC(CCC6(C5CC4=C3C)C)O)C)NC1
87,Cytarabine,C1=CN(C(=O)N=C1N)C2C(C(C(O2)CO)O)O
88,DMOG,COC(=O)CNC(=O)C(=O)OC
89,Dabrafenib,CC(C)(C)C1=NC(=C(S1)C2=NC(=NC=C2)N)C3=C(C(=CC=C3)NS(=O)(=O)C4=C(C=CC=C4F)F)F
90,Dacinostat,C1=CC=C2C(=C1)C(=CN2)CCN(CCO)CC3=CC=C(C=C3)C=CC(=O)NO
91,Dactolisib,CC(C)(C#N)C1=CC=C(C=C1)N2C3=C4C=C(C=CC4=NC=C3N(C2=O)C)C5=CC6=CC=CC=C6N=C5
92,Daporinad,C1CN(CCC1CCCCNC(=O)C=CC2=CN=CC=C2)C(=O)C3=CC=CC=C3
93,Dasatinib,CC1=C(C(=CC=C1)Cl)NC(=O)C2=CN=C(S2)NC3=CC(=NC(=N3)C)N4CCN(CC4)CCO
94,Docetaxel,CC1=C2C(C(=O)C3(C(CC4C(C3C(C(C2(C)C)(CC1OC(=O)C(C(C5=CC=CC=C5)NC(=O)OC(C)(C)C)O)O)OC(=O)C6=CC=CC=C6)(CO4)OC(=O)C)O)C)O
95,Doramapimod,CC1=CC=C(C=C1)N2C(=CC(=N2)C(C)(C)C)NC(=O)NC3=CC=C(C4=CC=CC=C43)OCCN5CCOCC5
96,Doxorubicin,CC1C(C(CC(O1)OC2CC(CC3=C2C(=C4C(=C3O)C(=O)C5=C(C4=O)C(=CC=C5)OC)O)(C(=O)CO)O)N)O
97,EHT-1864,C1COCCN1CC2=CC(=O)C(=CO2)OCCCCCSC3=C4C=CC(=CC4=NC=C3)C(F)(F)F.Cl.Cl
98,ETP-45835,C1CNCCC1C2=CC(=NN2)C3=CC=NC=C3.Cl.Cl
99,Elesclomol,CN(C(=S)C1=CC=CC=C1)NC(=O)CC(=O)NN(C)C(=S)C2=CC=CC=C2
100,Embelin,CCCCCCCCCCCC1=C(C(=O)C=C(C1=O)O)O
101,Entinostat,C1=CC=C(C(=C1)N)NC(=O)C2=CC=C(C=C2)CNC(=O)OCC3=CN=CC=C3
102,Enzastaurin,CN1C=C(C2=CC=CC=C21)C3=C(C(=O)NC3=O)C4=CN(C5=CC=CC=C54)C6CCN(CC6)CC7=CC=CC=N7
103,Epothilone B,CC1CCCC2(C(O2)CC(OC(=O)CC(C(C(=O)C(C1O)C)(C)C)O)C(=CC3=CSC(=N3)C)C)C
104,Erlotinib,COCCOC1=C(C=C2C(=C1)C(=NC=N2)NC3=CC=CC(=C3)C#C)OCCOC
105,Etoposide,CC1OCC2C(O1)C(C(C(O2)OC3C4COC(=O)C4C(C5=CC6=C(C=C35)OCO6)C7=CC(=C(C(=C7)OC)O)OC)O)O
106,FH535,CC1=C(C=CC(=C1)[N+](=O)[O-])NS(=O)(=O)C2=C(C=CC(=C2)Cl)Cl
107,FMK,CC1=CC=C(C=C1)C2=C(N(C3=NC=NC(=C23)N)CCCO)C(=O)CF
108,FR-180204,C1=CC=C(C=C1)C2=NN3C=CC=CC3=C2C4=CC5=C(NN=C5N=N4)N
109,FTI-277,COC(=O)C(CCSC)NC(=O)C1=C(C=C(C=C1)NCC(CS)N)C2=CC=CC=C2
110,FTY-720,CCCCCCCCC1=CC=C(C=C1)CCC(CO)(CO)N.Cl
111,Fedratinib,CC1=CN=C(N=C1NC2=CC(=CC=C2)S(=O)(=O)NC(C)(C)C)NC3=CC=C(C=C3)OCCN4CCCC4
112,Flavopiridol,CN1CCC(C(C1)O)C2=C(C=C(C3=C2OC(=CC3=O)C4=CC=CC=C4Cl)O)O
113,Foretinib,COC1=CC2=C(C=CN=C2C=C1OCCCN3CCOCC3)OC4=C(C=C(C=C4)NC(=O)C5(CC5)C(=O)NC6=CC=C(C=C6)F)F
114,Fulvestrant,CC12CCC3C(C1CCC2O)C(CC4=C3C=CC(=C4)O)CCCCCCCCCS(=O)CCCC(C(F)(F)F)(F)F
115,GNF-2,C1=CC(=CC(=C1)C(=O)N)C2=CC(=NC=N2)NC3=CC=C(C=C3)OC(F)(F)F
116,GSK1059615,C1=CC2=NC=CC(=C2C=C1C=C3C(=O)NC(=O)S3)C4=CC=NC=C4
117,GSK1070916,CCN1C=C(C(=N1)C2=CC=C(C=C2)NC(=O)N(C)C)C3=C4C=C(NC4=NC=C3)C5=CC=CC(=C5)CN(C)C
118,GSK1904529A,CCC1=CC(=C(C=C1N2CCC(CC2)N3CCN(CC3)S(=O)(=O)C)OC)NC4=NC=CC(=N4)C5=C(N=C6N5C=CC=C6)C7=CC(=C(C=C7)OC)C(=O)NC8=C(C=CC=C8F)F
119,GSK269962A,CCN1C2=CC(=NC=C2N=C1C3=NON=C3N)OC4=CC=CC(=C4)NC(=O)C5=CC=C(C=C5)OCCN6CCOCC6
120,GSK319347A,COC1=C(C=C2C(=C1)N=CN2C3=CC(=C(S3)C#N)OCC4=CC=CC=C4S(=O)(=O)C)OC
121,GSK429286A,CC1=C(C(CC(=O)N1)C2=CC=C(C=C2)C(F)(F)F)C(=O)NC3=C(C=C4C(=C3)C=NN4)F
122,GSK650394,C1CCC(C1)C2=C(C=CC(=C2)C3=CNC4=C3C=C(C=N4)C5=CC=CC=C5)C(=O)O
123,GSK690693,CCN1C2=C(C(=NC=C2OCC3CCCNC3)C#CC(C)(C)O)N=C1C4=NON=C4N
124,GW-2580,COC1=CC=C(C=C1)COC2=C(C=C(C=C2)CC3=CN=C(N=C3N)N)OC
125,GW441756,CN1C=C(C2=CC=CC=C21)C=C3C4=C(C=CC=N4)NC3=O
126,GW843682X,COC1=C(C=C2C(=C1)N=CN2C3=CC(=C(S3)C(=O)N)OCC4=CC=CC=C4C(F)(F)F)OC
127,Gefitinib,COC1=C(C=C2C(=C1)N=CN=C2NC3=CC(=C(C=C3)F)Cl)OCCCN4CCOCC4
128,Gemcitabine,C1=CN(C(=O)N=C1N)C2C(C(C(O2)CO)O)(F)F
129,HG-5-113-01,CNC(=O)c1ccc(Nc2cc(Nc3ccccc3S(=O)(=O)C(C)C)c4cc[nH]c4n2)nc1
130,HG-5-88-01,COc1cc(ccc1Nc2nc(N)c(Cl)c(Nc3ccccc3S(=O)(=O)C(C)C)n2)N4CCC(CC4)C(=O)N
131,HG6-64-1,CCN1CCN(CC1)CC2=C(C=C(C=C2)NC(=O)C3=CC(=C(C=C3)C)C=CC4=CN=C5C(=C4OC)C=CN5)C(F)(F)F
132,I-BET-762,CCNC(=O)CC1C2=NN=C(N2C3=C(C=C(C=C3)OC)C(=N1)C4=CC=C(C=C4)Cl)C
133,IC-87114,CC1=C2C(=CC=C1)N=C(N(C2=O)C3=CC=CC=C3C)CN4C=NC5=C(N=CN=C54)N
134,IMD-0354,C1=CC(=C(C=C1Cl)C(=O)NC2=CC(=CC(=C2)C(F)(F)F)C(F)(F)F)O
135,IOX2,C1=CC=C(C=C1)CN2C3=CC=CC=C3C(=C(C2=O)C(=O)NCC(=O)O)O
136,IPA-3,C1=CC=C2C(=C1)C=CC(=C2SSC3=C(C=CC4=CC=CC=C43)O)O
137,Idelalisib,CCC(C1=NC2=C(C(=CC=C2)F)C(=O)N1C3=CC=CC=C3)NC4=NC=NC5=C4NC=N5
138,Imatinib,CC1=C(C=C(C=C1)NC(=O)C2=CC=C(C=C2)CN3CCN(CC3)C)NC4=NC=CC(=N4)C5=CN=CC=C5
139,Ispinesib Mesylate,CC1=CC=C(C=C1)C(=O)N(CCCN)C(C2=NC3=C(C=CC(=C3)Cl)C(=O)N2CC4=CC=CC=C4)C(C)C.CS(=O)(=O)O
140,JNJ38877605,CN1C=C(C=N1)C2=NN3C(=NN=C3C(C4=CC5=C(C=C4)N=CC=C5)(F)F)C=C2
141,JNK Inhibitor VIII,CCOC1=C(C(=CC(=N1)NC(=O)CC2=C(C=CC(=C2)OC)OC)N)C#N
142,JNK-9L,C1COCCN1C2=CC(=CC(=C2)C3=NC(=NC=C3)N)F
143,JQ1,CC1=C(SC2=C1C(=NC(C3=NN=C(N32)C)CC(=O)OC(C)(C)C)C4=CC=C(C=C4)Cl)C
144,JW-7-24-1,COc1cc(OC)cc(c1)c2ccc3ncc4C=CC(=O)N(c5ccc(N6CCNCC6)c(c5)C(F)(F)F)c4c3c2
145,JW-7-52-1,O=C1N(C2=C(C=C1)C=NC3=CC=C(C=C32)C4=CC5=CC=CC=C5N=C4)C6=CC=C(C(C(F)(F)F)=C6)N7CCN(CC7)C(CC)=O
146,KIN001-042,C1=CC(=CC(=C1)I)CSC2=NN=C(O2)C3=CC=NC=C3
147,KIN001-244,C1=CC=C(C=C1)[C@H](COC2=CC3=C(C=C2)NC(=O)N3)NC(=O)C4=CC=CN(C4=O)CC5=CC(=C(C=C5)F)F
148,KIN001-260,C1CC1COC\2=CC=CC(=O)/C2=C\3/C=C(C(=C(N3)N)C#N)C4CCNCC4
149,KIN001-266,CCN1CCC(CC1)N2C=C(N=N2)CNC3=CC(=C4C(=C3)C(=C(C=N4)C#N)NC5=CC(=C(C=C5)F)Cl)Cl
150,KIN001-270,CC1=C(C=C(C=C1)NC2=NC=NC(=C2)C3=CC(=CC=C3)N4C(=O)C5=CC=CC=C5C4=O)NS(=O)(=O)C
151,KU-55933,C1COCCN1C2=CC(=O)C=C(O2)C3=C4C(=CC=C3)SC5=CC=CC=C5S4
152,KU-60019,CC1CN(CC(O1)C)CC(=O)NC2=CC3=C(C=C2)SC4=C(C3)C=CC=C4C5=CC(=O)C=C(O5)N6CCOCC6
153,Kobe2602,C1=CC(=CC=C1NC(=S)NNC2=C(C=C(C=C2[N+](=O)[O-])C(F)(F)F)[N+](=O)[O-])F
154,LCL161,CC(C(=O)NC(C1CCCCC1)C(=O)N2CCCC2C3=NC(=CS3)C(=O)C4=CC=C(C=C4)F)NC
155,LDN-193189,C1CN(CCN1)C2=CC=C(C=C2)C3=CN4C(=C(C=N4)C5=CC=NC6=CC=CC=C56)N=C3
156,LFM-A13,CC(=C(C#N)C(=O)NC1=C(C=CC(=C1)Br)Br)O
157,LGK974,CC1=CC(=CN=C1C2=CC(=NC=C2)C)CC(=O)NC3=NC=C(C=C3)C4=NC=CN=C4
158,LIMK1 inhibitor BMS4,O=C(C1CC1)NC2=NC=C(C3=CC(C(F)F)=NN3C4=C(Cl)C=CC=C4Cl)S2
159,Lapatinib,CS(=O)(=O)CCNCC1=CC=C(O1)C2=CC3=C(C=C2)N=CN=C3NC4=CC(=C(C=C4)OCC5=CC(=CC=C5)F)Cl
160,Lenalidomide,C1CC(=O)NC(=O)C1N2CC3=C(C2=O)C=CC=C3N
161,Lestaurtinib,CC12C(CC(O1)N3C4=CC=CC=C4C5=C6C(=C7C8=CC=CC=C8N2C7=C53)CNC6=O)(CO)O
162,Linifanib,CC1=CC(=C(C=C1)F)NC(=O)NC2=CC=C(C=C2)C3=C4C(=CC=C3)NN=C4N
163,Linsitinib,CC1(CC(C1)C2=NC(=C3N2C=CN=C3N)C4=CC5=C(C=C4)C=CC(=N5)C6=CC=CC=C6)O
164,Luminespib,CCNC(=O)C1=NOC(=C1C2=CC=C(C=C2)CN3CCOCC3)C4=CC(=C(C=C4O)O)C(C)C
165,MG-132,CC(C)CC(C=O)NC(=O)C(CC(C)C)NC(=O)C(CC(C)C)NC(=O)OCC1=CC=CC=C1
166,MIM1,CC1=CSC(=NC2CCCCC2)N1N=CC3=C(C(=C(C=C3)O)O)O
167,MK-2206,C1CC(C1)(C2=CC=C(C=C2)C3=C(C=C4C(=N3)C=CN5C4=NNC5=O)C6=CC=CC=C6)N
168,MPS-1-IN-1,CC(C)S(=O)(=O)C1=CC=CC=C1NC2=CC(=NC3=C2C=CN3)NC4=C(C=C(C=C4)N5CCC(CC5)O)OC
169,Masitinib,CC1=C(C=C(C=C1)NC(=O)C2=CC=C(C=C2)CN3CCN(CC3)C)NC4=NC(=CS4)C5=CN=CC=C5
170,"MetAP2 Inhibitor, A832234",CC(C)(C(=O)[O-])P(=O)(O)OC
171,Methotrexate,CN(CC1=CN=C2C(=N1)C(=NC(=N2)N)N)C3=CC=C(C=C3)C(=O)NC(CCC(=O)O)C(=O)O
172,Midostaurin,CC12C(C(CC(O1)N3C4=CC=CC=C4C5=C6C(=C7C8=CC=CC=C8N2C7=C53)CNC6=O)N(C)C(=O)C9=CC=CC=C9)OC
173,Mirin,C1=CC(=CC=C1C=C2C(=O)NC(=N)S2)O
174,Mitomycin-C,CC1=C(C(=O)C2=C(C1=O)N3CC4C(C3(C2COC(=O)N)OC)N4)N
175,Motesanib,CC1(CNC2=C1C=CC(=C2)NC(=O)C3=C(N=CC=C3)NCC4=CC=NC=C4)C
176,NG-25,CCN1CCN(CC1)CC2=C(C=C(C=C2)NC(=O)C3=CC(=C(C=C3)C)OC4=C5C=CNC5=NC=C4)C(F)(F)F
177,NPK76-II-72-1,CC1CC(=O)N(C2=CN=C(N=C2N1C3CCCC3)NC4=C(C=C(C=C4)C(=O)NC5CCN(CC5)C)OC)C
178,NSC-207895,CN1CCN(CC1)C2=CC=C(C3=NO[N+](=C23)[O-])[N+](=O)[O-]
179,NSC-87877,C1=CC2=C(C=C(C(=C2N=C1)O)N=NC3=CC4=C(C=C3)C=C(C=C4)S(=O)(=O)O)S(=O)(=O)O
180,NSC319726,CC(=NNC(=S)N1CCC1)C2=CC=CC=N2
181,NU7441,C1COCCN1C2=CC(=O)C3=C(O2)C(=CC=C3)C4=CC=CC5=C4SC6=CC=CC=C56
182,NVP-BHG712,CC1=C(C=C(C=C1)C(=O)NC2=CC=CC(=C2)C(F)(F)F)NC3=C4C=NN(C4=NC(=N3)C5=CN=CC=C5)C
183,NVP-TAE684,CC(C)S(=O)(=O)C1=CC=CC=C1NC2=NC(=NC=C2Cl)NC3=C(C=C(C=C3)N4CCC(CC4)N5CCN(CC5)C)OC
184,Navitoclax,CC1(CCC(=C(C1)CN2CCN(CC2)C3=CC=C(C=C3)C(=O)NS(=O)(=O)C4=CC(=C(C=C4)NC(CCN5CCOCC5)CSC6=CC=CC=C6)S(=O)(=O)C(F)(F)F)C7=CC=C(C=C7)Cl)C
185,Nilotinib,CC1=C(C=C(C=C1)C(=O)NC2=CC(=CC(=C2)C(F)(F)F)N3C=C(N=C3)C)NC4=NC=CC(=N4)C5=CN=CC=C5
186,Nutlin-3a (-),CC(C)OC1=C(C=CC(=C1)OC)C2=NC(C(N2C(=O)N3CCNC(=O)C3)C4=CC=C(C=C4)Cl)C5=CC=C(C=C5)Cl
187,OSI-027,COc1cccc2cc([nH]c12)c3nc([C@@H]4CC[C@H](CC4)C(=O)O)n5ncnc(N)c35
188,OSI-930,C1=CC=C2C(=C1)C(=CC=N2)CNC3=C(SC=C3)C(=O)NC4=CC=C(C=C4)OC(F)(F)F
189,OSU-03012,C1=CC=C2C(=C1)C=CC3=C2C=CC(=C3)C4=CC(=NN4C5=CC=C(C=C5)NC(=O)CN)C(F)(F)F
190,Obatoclax Mesylate,CC1=CC(=C(N1)C=C2C(=CC(=C3C=C4C=CC=CC4=N3)N2)OC)C.CS(=O)(=O)O
191,Olaparib,C1CC1C(=O)N2CCN(CC2)C(=O)C3=C(C=CC(=C3)CC4=NNC(=O)C5=CC=CC=C54)F
192,Omipalisib,COC1=C(C=C(C=N1)C2=CC3=C(C=CN=C3C=C2)C4=CN=NC=C4)NS(=O)(=O)C5=C(C=C(C=C5)F)F
193,PAC-1,C=CCC1=C(C(=CC=C1)C=NNC(=O)CN2CCN(CC2)CC3=CC=CC=C3)O
194,PD0325901,C1=CC(=C(C=C1I)F)NC2=C(C=CC(=C2F)F)C(=O)NOCC(CO)O
195,PD173074,CCN(CC)CCCCNC1=NC2=NC(=C(C=C2C=N1)C3=CC(=CC(=C3)OC)OC)NC(=O)NC(C)(C)C
196,PF-00299804,COC1=C(C=C2C(=C1)N=CN=C2NC3=CC(=C(C=C3)F)Cl)NC(=O)C=CCN4CCCCC4
197,PF-4708671,CCC1=CN=CN=C1N2CCN(CC2)CC3=NC4=C(N3)C=C(C=C4)C(F)(F)F
198,PF-562271,CN(C1=C(C=CC=N1)CNC2=NC(=NC=C2C(F)(F)F)NC3=CC4=C(C=C3)NC(=O)C4)S(=O)(=O)C
199,PFI-1,CN1CC2=C(C=CC(=C2)NS(=O)(=O)C3=CC=CC=C3OC)NC1=O
200,PFI-3,OC1=C(C(/C=C/N2[C@H](C3)CN(C4=NC=CC=C4)[C@H]3C2)=O)C=CC=C1
201,PHA-665752,CC1=C(NC(=C1C(=O)N2CCCC2CN3CCCC3)C)C=C4C5=C(C=CC(=C5)S(=O)(=O)CC6=C(C=CC=C6Cl)Cl)NC4=O
202,PHA-793887,CC(C)CC(=O)NC1=NNC2=C1CN(C2(C)C)C(=O)C3CCN(CC3)C
203,PI-103,C1COCCN1C2=NC(=NC3=C2OC4=C3C=CC=N4)C5=CC(=CC=C5)O
204,PIK-93,CC1=C(SC(=N1)NC(=O)C)C2=CC(=C(C=C2)Cl)S(=O)(=O)NCCO
205,PLX-4720,CCCS(=O)(=O)NC1=C(C(=C(C=C1)F)C(=O)C2=CNC3=C2C=C(C=N3)Cl)F
206,Paclitaxel,CC1=C2C(C(=O)C3(C(CC4C(C3C(C(C2(C)C)(CC1OC(=O)C(C(C5=CC=CC=C5)NC(=O)C6=CC=CC=C6)O)O)OC(=O)C7=CC=CC=C7)(CO4)OC(=O)C)O)C)OC(=O)C
207,Palbociclib,CC1=C(C(=O)N(C2=NC(=NC=C12)NC3=NC=C(C=C3)N4CCNCC4)C5CCCC5)C(=O)C
208,Panobinostat,CC1=C(C2=CC=CC=C2N1)CCNCC3=CC=C(C=C3)C=CC(=O)NO
209,Parthenolide,CC1=CCCC2(C(O2)C3C(CC1)C(=C)C(=O)O3)C
210,Pazopanib,CC1=C(C=C(C=C1)NC2=NC=CC(=N2)N(C)C3=CC4=NN(C(=C4C=C3)C)C)S(=O)(=O)N
211,Pelitinib,CCOC1=C(C=C2C(=C1)N=CC(=C2NC3=CC(=C(C=C3)F)Cl)C#N)NC(=O)C=CCN(C)C
212,Pemetrexed,C1=CC(=CC=C1CCC2=CNC3=C2C(=O)NC(=N3)N)C(=O)NC(CCC(=O)O)C(=O)O
213,Pevonedistat,C1CC2=CC=CC=C2C1NC3=C4C=CN(C4=NC=N3)C5CC(C(C5)O)COS(=O)(=O)N
214,Phenformin,C1=CC=C(C=C1)CCN=C(N)N=C(N)N
215,Pictilisib,CS(=O)(=O)N1CCN(CC1)CC2=CC3=C(S2)C(=NC(=N3)C4=C5C=NNC5=CC=C4)N6CCOCC6
216,Pilaralisib,CC(C)(C(=O)NC1=CC(=CC=C1)S(=O)(=O)NC2=NC3=CC=CC=C3N=C2NC4=C(C=CC(=C4)OC)Cl)N
217,Piperlongumine,COC1=CC(=CC(=C1OC)OC)/C=C/C(=O)N2CCC=CC2=O 
218,Ponatinib,CC1=C(C=C(C=C1)C(=O)NC2=CC(=C(C=C2)CN3CCN(CC3)C)C(F)(F)F)C#CC4=CN=C5N4N=CC=C5
219,Pyrimethamine,CCC1=C(C(=NC(=N1)N)N)C2=CC=C(C=C2)Cl
220,QL-VIII-58,NC1=NC=C(C=N1)C1=CC=C2N=CC3=C(N(C(=O)C=C3)C3=CC(Cl)=C(C=C3)N3CCNCC3)C2=C1
221,QL-X-138,CC1=C(C=C(C=C1)N2C(=O)C=CC3=CN=C4C=CC(=CC4=C32)C5=CNN=C5)NC(=O)C=C
222,QL-XI-92,Cc1ccc(cc1NC(=O)c2oncc2)C(=O)Nc3cc(NC(=O)C=C)cc(c3)C(F)(F)F
223,QL-XII-47,CN1C=C(C=N1)C2=CC3=C4C(=CN=C3C=C2)C=CC(=O)N4C5=CC6=C(CCN6C(=O)C=C)C=C5
224,QS11,C1CC2=C(C1)C=C(C=C2)OC3=NC(=C4C(=N3)N(C=N4)CC5=CC=C(C=C5)C6=CC=CC=C6)NC(CC7=CC=CC=C7)CO
225,Quizartinib,CC(C)(C)C1=CC(=NO1)NC(=O)NC2=CC=C(C=C2)C3=CN4C5=C(C=C(C=C5)OCCN6CCOCC6)SC4=N3
226,RO-3306,C1=CC2=C(C=CC(=C2)C=C3C(=O)NC(=NCC4=CC=CS4)S3)N=C1
227,RU-SKI 43,CCC(C)CNCC(=O)N1CCC2=C(C1COC3=CC=CC(=C3)C)C=CS2
228,Rapamycin,CC1CCC2CC(C(=CC=CC=CC(CC(C(=O)C(C(C(=CC(C(=O)CC(OC(=O)C3CCCCN3C(=O)C(=O)C1(O2)O)C(C)CC4CCC(C(C4)OC)O)C)C)O)OC)C)C)C)OC
229,Refametinib,COC1=CC(=C(C(=C1NS(=O)(=O)C2(CC2)CC(CO)O)NC3=C(C=C(C=C3)I)F)F)F
230,Rucaparib,CNCC1=CC=C(C=C1)C2=C3CCNC(=O)C4=C3C(=CC(=C4)F)N2
231,Ruxolitinib,C1CCC(C1)C(CC#N)N2C=C(C=N2)C3=C4C=CNC4=NC=N3
232,S-Trityl-L-cysteine,C1=CC=C(C=C1)C(C2=CC=CC=C2)(C3=CC=CC=C3)SCC(C(=O)O)N
233,SB216763,CN1C=C(C2=CC=CC=C21)C3=C(C(=O)NC3=O)C4=C(C=C(C=C4)Cl)Cl
234,SB505124,CC1=NC(=CC=C1)C2=C(N=C(N2)C(C)(C)C)C3=CC4=C(C=C3)OCO4
235,SB52334,C1=CC=C(C=C1)C2=C(C=CC=N2)C(=O)O
236,SB590885,CN(C)CCOC1=CC=C(C=C1)C2=NC(=C(N2)C3=CC=NC=C3)C4=CC5=C(C=C4)C(=NO)CC5
237,SGC0946,CC(C)N(CCCNC(=O)NC1=CC=C(C=C1)C(C)(C)C)CC2C(C(C(O2)N3C=C(C4=C(N=CN=C43)N)Br)O)O
238,SL0101,CC1C(C(C(C(O1)OC2=C(OC3=CC(=CC(=C3C2=O)O)O)C4=CC=C(C=C4)O)O)OC(=O)C)OC(=O)C
239,SN-38,CCC1=C2C=C(C=CC2=NC3=C1CN4C3=CC5=C(C4=O)COC(=O)C5(CC)O)O
240,SNX-2112,CC1(CC2=C(C(=O)C1)C(=NN2C3=CC(=C(C=C3)C(=O)N)NC4CCC(CC4)O)C(F)(F)F)C
241,STF-62247,CC1=CC(=CC=C1)NC2=NC(=CS2)C3=CC=NC=C3
242,SU11274,CC1=C(NC(=C1C(=O)N2CCN(CC2)C)C)C=C3C4=C(C=CC(=C4)S(=O)(=O)N(C)C5=CC(=CC=C5)Cl)NC3=O
243,Salubrinal,C1=CC=C(C=C1)C=CC(=O)NC(C(Cl)(Cl)Cl)NC(=S)NC2=CC=CC3=C2N=CC=C3
244,Saracatinib,CN1CCN(CC1)CCOC2=CC3=C(C(=C2)OC4CCOCC4)C(=NC=N3)NC5=C(C=CC6=C5OCO6)Cl
245,Seliciclib,CCC(CO)NC1=NC(=C2C(=N1)N(C=N2)C(C)C)NCC3=CC=CC=C3
246,Selisistat,C1CC(C2=C(C1)C3=C(N2)C=CC(=C3)Cl)C(=O)N
247,Selumetinib,CN1C=NC2=C1C=C(C(=C2F)NC3=C(C=C(C=C3)Br)Cl)C(=O)NOCCO
248,Sepantronium bromide,CC1=[N+](C2=C(N1CCOC)C(=O)C3=CC=CC=C3C2=O)CC4=NC=CN=C4.[Br-]
249,Serdemetan,C1=CC=C2C(=C1)C(=CN2)CCNC3=CC=C(C=C3)NC4=CC=NC=C4
250,Shikonin,CC(=CCC(C1=CC(=O)C2=C(C=CC(=C2C1=O)O)O)O)C
251,Sorafenib,CNC(=O)C1=NC=CC(=C1)OC2=CC=C(C=C2)NC(=O)NC3=CC(=C(C=C3)Cl)C(F)(F)F
252,Sphingosine Kinase 1 Inhibitor II,CC1=CC(=CC(=C1)OCC2=CC=C(C=C2)CN3CCCC3CO)CS(=O)(=O)C4=CC=CC=C4
253,Sunitinib,CCN(CC)CCNC(=O)C1=C(NC(=C1C)C=C2C3=C(C=CC(=C3)F)NC2=O)C
254,T0901317,C1=CC=C(C=C1)S(=O)(=O)N(CC(F)(F)F)C2=CC=C(C=C2)C(C(F)(F)F)(C(F)(F)F)O
255,TAK-715,CCC1=NC(=C(S1)C2=CC(=NC=C2)NC(=O)C3=CC=CC=C3)C4=CC=CC(=C4)C
256,TGX221,CC1=CN2C(=O)C=C(N=C2C(=C1)C(C)NC3=CC=CC=C3)N4CCOCC4
257,TPCA-1,C1=CC(=CC=C1C2=CC(=C(S2)NC(=O)N)C(=O)N)F
258,TW 37,CC(C)C1=CC=CC=C1CC2=CC(=C(C(=C2O)O)O)C(=O)NC3=CC=C(C=C3)S(=O)(=O)C4=CC=CC=C4C(C)(C)C
259,TWS119,C1=CC(=CC(=C1)N)C2=CC3=C(N2)N=CN=C3OC4=CC=CC(=C4)O
260,Talazoparib,CN1C(=NC=N1)C2C(NC3=CC(=CC4=C3C2=NNC4=O)F)C5=CC=C(C=C5)F
261,Tamoxifen,CCC(=C(C1=CC=CC=C1)C2=CC=C(C=C2)OCCN(C)C)C3=CC=CC=C3
262,Tanespimycin,CC1CC(C(C(C=C(C(C(C=CC=C(C(=O)NC2=CC(=O)C(=C(C1)C2=O)NCC=C)C)OC)OC(=O)N)C)C)O)OC
263,Temozolomide,CN1C(=O)N2C=NC(=C2N=N1)C(=O)N
264,Temsirolimus,CC1CCC2CC(C(=CC=CC=CC(CC(C(=O)C(C(C(=CC(C(=O)CC(OC(=O)C3CCCCN3C(=O)C(=O)C1(O2)O)C(C)CC4CCC(C(C4)OC)OC(=O)C(C)(CO)CO)C)C)O)OC)C)C)C)OC
265,Tenovin-6,CC(C)(C)C1=CC=C(C=C1)C(=O)NC(=S)NC2=CC=C(C=C2)NC(=O)CCCCN(C)C
266,Thapsigargin,CCCCCCCC(=O)OC1C2C(=C(C1OC(=O)C(=CC)C)C)C3C(C(CC2(C)OC(=O)C)OC(=O)CCC)(C(C(=O)O3)(C)O)O
267,Tipifarnib,CN1C=NC=C1C(C2=CC=C(C=C2)Cl)(C3=CC4=C(C=C3)N(C(=O)C=C4C5=CC(=CC=C5)Cl)C)N
268,Tivozanib,CC1=CC(=NO1)NC(=O)NC2=C(C=C(C=C2)OC3=C4C=C(C(=CC4=NC=C3)OC)OC)Cl
269,Torin 2,C1=CC(=CC(=C1)N2C(=O)C=CC3=CN=C4C=CC(=CC4=C32)C5=CN=C(C=C5)N)C(F)(F)F
270,Tozasertib,CC1=CC(=NN1)NC2=CC(=NC(=N2)SC3=CC=C(C=C3)NC(=O)C4CC4)N5CCN(CC5)C
271,Trametinib,CC1=C2C(=C(N(C1=O)C)NC3=C(C=C(C=C3)I)F)C(=O)N(C(=O)N2C4=CC=CC(=C4)NC(=O)C)C5CC5
272,Tretinoin,CC1=C(C(CCC1)(C)C)C=CC(=CC=CC(=CC(=O)O)C)C
273,Trichostatin A,CC(C=C(C)C=CC(=O)NO)C(=O)C1=CC=C(C=C1)N(C)C
274,Tubastatin A,CN1CCC2=C(C1)C3=CC=CC=C3N2CC4=CC=C(C=C4)C(=O)NO
275,UNC0638,CC(C)N1CCC(CC1)NC2=NC(=NC3=CC(=C(C=C32)OC)OCCCN4CCCC4)C5CCCCC5
276,UNC0642,N1C2=C(C=C(C(=C2)OCCCN(CCC2)C2)OC)C(=NC=1N(CCC(C1)(F)F)C1)NC(CCN(C(C)C)C1)C1
277,UNC1215,C1CCN(C1)C2CCN(CC2)C(=O)C3=CC(=C(C=C3)C(=O)N4CCC(CC4)N5CCCC5)NC6=CC=CC=C6
278,VX-11e,CC1=CN=C(N=C1C2=CNC(=C2)C(=O)NC(CO)C3=CC(=CC=C3)Cl)NC4=C(C=C(C=C4)F)Cl
279,VX-702,C1=CC(=C(C(=C1)F)N(C2=NC(=C(C=C2)C(=O)N)C3=C(C=C(C=C3)F)F)C(=O)N)F
280,Veliparib,CC1(CCCN1)C2=NC3=C(C=CC=C3N2)C(=O)N
281,Venotoclax,CC1(C)CCC(CN2CCN(c3ccc(C(=O)NS(=O)(=O)c4ccc(NCC5CCOCC5)c([N+](=O)[O-])c4)c(Oc4cnc5[nH]ccc5c4)c3)CC2)=C(c2ccc(Cl)cc2)C1
282,Vinblastine,CCC1(CC2CC(C3=C(CCN(C2)C1)C4=CC=CC=C4N3)(C5=C(C=C6C(=C5)C78CCN9C7C(C=CC9)(C(C(C8N6C)(C(=O)OC)O)OC(=O)C)CC)OC)C(=O)OC)O
283,Vinorelbine,CCC1=CC2CC(C3=C(CN(C2)C1)C4=CC=CC=C4N3)(C5=C(C=C6C(=C5)C78CCN9C7C(C=CC9)(C(C(C8N6C)(C(=O)OC)O)OC(=O)C)CC)OC)C(=O)OC
284,Vismodegib,CS(=O)(=O)C1=CC(=C(C=C1)C(=O)NC2=CC(=C(C=C2)Cl)C3=CC=CC=N3)Cl
285,Vorinostat,C1=CC=C(C=C1)NC(=O)CCCCCCC(=O)NO
286,Voxtalisib,CCN1C2=NC(=NC(=C2C=C(C1=O)C3=CC=NN3)C)N
287,WH-4-023,CC1=C(C(=CC=C1)C)OC(=O)N(C2=C(C=C(C=C2)OC)OC)C3=NC(=NC=C3)NC4=CC=C(C=C4)N5CCN(CC5)C
288,WHI-P97,COC1=C(C=C2C(=C1)C(=NC=N2)NC3=CC(=C(C(=C3)Br)O)Br)OC
289,WYE-125132,CNC(=O)NC1=CC=C(C=C1)C2=NC3=C(C=NN3C4CCC5(CC4)OCCO5)C(=N2)N6CC7CCC(C6)O7
290,WZ-1-84,CCC(=O)N(C)C1=CC=C(C=C1)NC2=NC3=C(C(=N2)NC4CCCN(C4)C(=O)C=C)NC=N3
291,WZ3105,CC(C)n1cnc2c(Nc3cccc(NC(=O)C=C)c3)nc(N[C@@H]4CC[C@H](CC4)N(C)C)nc12
292,Wee1 Inhibitor,C1=CC=C(C(=C1)C2=CC3=C(C4=C(N3)C=CC(=C4)O)C5=C2C(=O)NC5=O)Cl
293,Wnt-C59,CC1=NC=CC(=C1)C2=CC=C(C=C2)CC(=O)NC3=CC=C(C=C3)C4=CN=CC=C4
294,XAV939,C1CSCC2=C1N=C(NC2=O)C3=CC=C(C=C3)C(F)(F)F
295,XMD11-85h,COc1cc(ccc1Nc2ncc3N(C(C)C)C(=O)CCN(C4CCCC4)c3n2)C(=O)NC5CCN(C)CC5
296,XMD13-2,O=C(C1CC1)NC2=NNC3=CC(C4=CC(C(NC5CC5)=O)=CC=C4)=CC=C32
297,XMD14-99,CN1CCN(CC1)C2=CC(=C(C=C2)NC3=NC(=C(S3)C(=O)C4=C(C=CC=C4Cl)Cl)N)OC
298,XMD15-27,CN1CCN(CC1)C2=CC(=C(C=C2)NC3=NC(=C(S3)C(=O)C4=CC=C(C=C4)NC(=O)C=C)N)OC
299,XMD8-85,CN1CCN(CC1)C2=CC(=C(C=C2)NC3=NC=C4C(=N3)N(C5=CC=CC=C5C(=O)N4C)C)OC
300,XMD8-92,CCOC1=C(C=CC(=C1)N2CCC(CC2)O)NC3=NC=C4C(=N3)N(C5=CC=CC=C5C(=O)N4C)C
301,Y-39983,CC(C1=CC=C(C=C1)C(=O)NC2=C3C=CNC3=NC=C2)N
302,YK-4-279,COC1=CC=C(C=C1)C(=O)CC2(C3=C(C=CC(=C3NC2=O)Cl)Cl)O
303,YM201636,C1COCCN1C2=NC(=NC3=C2OC4=C3C=CC=N4)C5=CC(=CC=C5)NC(=O)C6=CN=C(C=C6)N
304,Z-LLNle-CHO,CCCCC(C=O)NC(=O)C(CC(C)C)NC(=O)C(CC(C)C)NC(=O)OCC1=CC=CC=C1
305,ZG-10,CN(C)CC=CC(=O)NC1=CC=C(C=C1)C(=O)NC2=CC=CC(=C2)NC3=NC=CC(=N3)C4=CN=CC=C4
306,ZM447439,COC1=C(C=C2C(=C1)C(=NC=N2)NC3=CC=C(C=C3)NC(=O)C4=CC=CC=C4)OCCCN5CCOCC5
307,ZSTK474,C1COCCN1C2=NC(=NC(=N2)N3C4=CC=CC=C4N=C3C(F)F)N5CCOCC5
308,Zibotentan,CC1=CN=C(C(=N1)OC)NS(=O)(=O)C2=C(N=CC=C2)C3=CC=C(C=C3)C4=NN=CO4
309,"eEF2K Inhibitor, A-484954",CCN1C(=O)C2=CC(=C(N=C2N(C1=O)C3CC3)N)C(=O)N
310,kb NB 142-70,C1CSC2=C(C(=O)N1)SC3=C2C=C(C=C3)O
